{"stats":{"minecraft:mined":{"minecraft:spruce_planks":9,"minecraft:crafting_table":3,"minecraft:grass_block":3,"minecraft:poppy":1,"minecraft:spruce_leaves":18,"smile:baby_craig":4,"minecraft:iron_door":1,"minecraft:dark_oak_slab":1,"minecraft:furnace":3,"minecraft:ice":1,"minecraft:spruce_log":25,"minecraft:dirt":2,"minecraft:packed_ice":17,"minecraft:stone":36,"minecraft:oak_leaves":1,"minecraft:fern":1},"minecraft:crafted":{"minecraft:cooked_beef":5,"minecraft:cooked_cod":2,"better_weaponry:wooden_scythe":1,"minecraft:crafting_table":1,"minecraft:spruce_planks":76,"minecraft:spruce_button":1,"minecraft:wooden_pickaxe":1,"minecraft:cooked_chicken":6,"minecraft:spruce_door":2,"minecraft:furnace":1,"better_weaponry:stone_scythe":1,"minecraft:stone_axe":1,"minecraft:air":0,"minecraft:charcoal":5,"minecraft:stick":20,"minecraft:stone_pickaxe":1,"minecraft:wooden_axe":2,"minecraft:torch":20},"minecraft:used":{"better_weaponry:wooden_scythe":4,"minecraft:spruce_door":4,"minecraft:stone_pickaxe":4,"minecraft:poppy":1,"minecraft:spruce_planks":28,"minecraft:wooden_pickaxe":36,"better_weaponry:stone_scythe":16,"minecraft:cooked_chicken":3,"minecraft:salmon":8,"minecraft:torch":11,"minecraft:dirt":5,"minecraft:crafting_table":3,"minecraft:cod":2,"minecraft:wooden_axe":49,"minecraft:spruce_button":1,"smile:baby_craig":4,"minecraft:dark_oak_slab":1,"minecraft:iron_door":1,"minecraft:spruce_sapling":1,"minecraft:stone_axe":14,"minecraft:furnace":3,"minecraft:cooked_beef":4},"minecraft:dropped":{"sophisticatedbackpacks:iron_backpack":1,"smile:baby_craig":1,"better_weaponry:wooden_scythe":1,"minecraft:spruce_sapling":1},"minecraft:broken":{"minecraft:wooden_axe":1},"minecraft:custom":{"minecraft:interact_with_furnace":18,"minecraft:mob_kills":28,"tombstone:raider_killed":3,"minecraft:interact_with_crafting_table":8,"minecraft:leave_game":1,"minecraft:time_since_death":12110,"minecraft:time_since_rest":13142,"minecraft:sprint_one_cm":106144,"minecraft:damage_taken":1030,"minecraft:walk_one_cm":120486,"minecraft:drop":4,"minecraft:damage_dealt":2760,"minecraft:swim_one_cm":37829,"minecraft:fly_one_cm":192938,"minecraft:open_chest":4,"minecraft:crouch_one_cm":5065,"minecraft:play_time":61513,"tombstone:undead_killed":3,"minecraft:deaths":2,"minecraft:sneak_time":1913,"minecraft:walk_under_water_one_cm":17660,"minecraft:jump":910,"minecraft:walk_on_water_one_cm":20017,"minecraft:total_world_time":61513,"minecraft:fall_one_cm":21497},"minecraft:killed":{"minecraft:zombie_villager":1,"minecraft:salmon":8,"bwrtherain:spider_skull":1,"minecraft:polar_bear":3,"minecraft:skeleton":1,"minecraft:pillager":3,"minecraft:zombie":1,"minecraft:chicken":6,"minecraft:cow":3},"minecraft:picked_up":{"minecraft:crafting_table":3,"minecraft:feather":5,"minecraft:chicken":6,"minecraft:iron_door":1,"minecraft:salmon":8,"minecraft:leather":4,"minecraft:dirt":5,"minecraft:white_banner":1,"minecraft:bone":2,"minecraft:spruce_planks":41,"minecraft:beef":5,"minecraft:poppy":2,"minecraft:furnace":3,"minecraft:dark_oak_slab":1,"minecraft:dandelion":1,"minecraft:spruce_sapling":2,"sophisticatedbackpacks:iron_backpack":1,"minecraft:spruce_log":25,"minecraft:spruce_door":1,"minecraft:arrow":2,"smile:baby_craig":5,"minecraft:cod":4,"minecraft:cobblestone":36},"minecraft:killed_by":{"apollyon:the_damned":2}},"DataVersion":3465}