{"stats":{"minecraft:mined":{"minecraft:spruce_planks":1,"minecraft:spruce_log":5,"minecraft:crafting_table":1,"minecraft:grass_block":1,"minecraft:poppy":1,"minecraft:packed_ice":15,"minecraft:spruce_leaves":4,"smile:baby_craig":2},"minecraft:crafted":{"minecraft:crafting_table":1,"minecraft:spruce_planks":20,"minecraft:stick":4,"minecraft:spruce_button":1,"minecraft:wooden_axe":1},"minecraft:used":{"minecraft:wooden_axe":26,"minecraft:spruce_button":1,"minecraft:poppy":1,"minecraft:spruce_planks":1,"smile:baby_craig":2,"minecraft:spruce_sapling":1,"minecraft:salmon":8,"minecraft:dirt":1,"minecraft:crafting_table":1,"minecraft:cod":2},"minecraft:dropped":{"sophisticatedbackpacks:iron_backpack":1},"minecraft:custom":{"minecraft:time_since_rest":9871,"minecraft:sprint_one_cm":31090,"minecraft:damage_taken":435,"minecraft:walk_one_cm":36418,"minecraft:mob_kills":14,"minecraft:drop":1,"tombstone:raider_killed":3,"minecraft:damage_dealt":1010,"minecraft:swim_one_cm":21104,"minecraft:interact_with_crafting_table":1,"minecraft:fly_one_cm":81003,"minecraft:open_chest":1,"minecraft:crouch_one_cm":69,"minecraft:play_time":25514,"minecraft:deaths":1,"minecraft:sneak_time":71,"minecraft:walk_under_water_one_cm":11345,"minecraft:jump":346,"minecraft:walk_on_water_one_cm":11001,"minecraft:time_since_death":10260,"minecraft:total_world_time":25514,"minecraft:fall_one_cm":5847},"minecraft:killed":{"minecraft:pillager":3,"minecraft:salmon":8,"bwrtherain:spider_skull":1,"minecraft:polar_bear":1},"minecraft:picked_up":{"minecraft:crafting_table":1,"minecraft:salmon":8,"minecraft:dandelion":1,"minecraft:spruce_sapling":1,"sophisticatedbackpacks:iron_backpack":1,"minecraft:spruce_log":5,"minecraft:dirt":1,"minecraft:white_banner":1,"minecraft:spruce_planks":1,"smile:baby_craig":2,"minecraft:poppy":2,"minecraft:cod":2},"minecraft:killed_by":{"apollyon:the_damned":1}},"DataVersion":3465}