{"stats":{"minecraft:mined":{"minecraft:spruce_planks":8,"minecraft:crafting_table":2,"minecraft:grass_block":3,"minecraft:poppy":1,"minecraft:spruce_leaves":16,"smile:baby_craig":3,"minecraft:dark_oak_slab":1,"minecraft:ice":1,"minecraft:spruce_log":18,"minecraft:dirt":2,"minecraft:packed_ice":17,"minecraft:stone":36,"minecraft:oak_leaves":1},"minecraft:crafted":{"minecraft:cooked_beef":3,"better_weaponry:wooden_scythe":1,"minecraft:crafting_table":1,"minecraft:spruce_planks":72,"minecraft:spruce_button":1,"minecraft:wooden_pickaxe":1,"minecraft:cooked_chicken":3,"minecraft:spruce_door":2,"minecraft:furnace":1,"better_weaponry:stone_scythe":1,"minecraft:stone_axe":1,"minecraft:air":0,"minecraft:stick":16,"minecraft:stone_pickaxe":1,"minecraft:wooden_axe":2},"minecraft:used":{"better_weaponry:wooden_scythe":4,"minecraft:spruce_door":3,"minecraft:poppy":1,"minecraft:spruce_planks":13,"minecraft:wooden_pickaxe":36,"better_weaponry:stone_scythe":9,"minecraft:cooked_chicken":3,"minecraft:salmon":8,"minecraft:dirt":5,"minecraft:crafting_table":3,"minecraft:cod":2,"minecraft:wooden_axe":49,"minecraft:spruce_button":1,"smile:baby_craig":3,"minecraft:dark_oak_slab":1,"minecraft:spruce_sapling":1,"minecraft:stone_axe":3,"minecraft:furnace":1,"minecraft:cooked_beef":1},"minecraft:dropped":{"sophisticatedbackpacks:iron_backpack":1,"minecraft:spruce_sapling":1},"minecraft:broken":{"minecraft:wooden_axe":1},"minecraft:custom":{"minecraft:interact_with_furnace":5,"minecraft:mob_kills":24,"tombstone:raider_killed":3,"minecraft:interact_with_crafting_table":8,"minecraft:leave_game":1,"minecraft:time_since_death":110,"minecraft:time_since_rest":1142,"minecraft:sprint_one_cm":79338,"minecraft:damage_taken":775,"minecraft:walk_one_cm":91726,"minecraft:drop":2,"minecraft:damage_dealt":1910,"minecraft:swim_one_cm":34580,"minecraft:fly_one_cm":145651,"minecraft:open_chest":4,"minecraft:crouch_one_cm":4936,"minecraft:play_time":49513,"tombstone:undead_killed":2,"minecraft:deaths":2,"minecraft:sneak_time":1866,"minecraft:walk_under_water_one_cm":16659,"minecraft:jump":723,"minecraft:walk_on_water_one_cm":17895,"minecraft:total_world_time":49513,"minecraft:fall_one_cm":14274},"minecraft:killed":{"minecraft:zombie_villager":1,"minecraft:salmon":8,"bwrtherain:spider_skull":1,"minecraft:polar_bear":1,"minecraft:pillager":3,"minecraft:zombie":1,"minecraft:chicken":5,"minecraft:cow":3},"minecraft:picked_up":{"minecraft:crafting_table":2,"minecraft:feather":4,"minecraft:chicken":5,"minecraft:salmon":8,"minecraft:leather":4,"minecraft:dirt":5,"minecraft:white_banner":1,"minecraft:spruce_planks":7,"minecraft:beef":5,"minecraft:poppy":2,"minecraft:dark_oak_slab":1,"minecraft:dandelion":1,"minecraft:spruce_sapling":2,"sophisticatedbackpacks:iron_backpack":1,"minecraft:spruce_log":18,"smile:baby_craig":3,"minecraft:cod":2,"minecraft:cobblestone":36},"minecraft:killed_by":{"apollyon:the_damned":2}},"DataVersion":3465}