{"stats":{"minecraft:mined":{"minecraft:grass_block":1,"minecraft:poppy":1,"minecraft:spruce_log":5,"minecraft:spruce_leaves":4,"minecraft:crafting_table":1},"minecraft:crafted":{"minecraft:crafting_table":1,"minecraft:spruce_planks":20,"minecraft:stick":4,"minecraft:spruce_button":1,"minecraft:wooden_axe":1},"minecraft:used":{"minecraft:salmon":8,"minecraft:wooden_axe":15,"minecraft:dirt":1,"minecraft:crafting_table":1,"minecraft:spruce_button":1,"minecraft:poppy":1,"minecraft:cod":2,"minecraft:spruce_sapling":1},"minecraft:custom":{"minecraft:time_since_rest":13514,"minecraft:crouch_one_cm":4,"minecraft:play_time":13514,"minecraft:sprint_one_cm":22016,"minecraft:damage_taken":185,"minecraft:walk_one_cm":21320,"minecraft:sneak_time":55,"minecraft:walk_under_water_one_cm":9175,"minecraft:mob_kills":10,"minecraft:jump":173,"minecraft:damage_dealt":590,"minecraft:time_since_death":13514,"minecraft:walk_on_water_one_cm":4343,"minecraft:total_world_time":13514,"minecraft:interact_with_crafting_table":1,"minecraft:swim_one_cm":6403,"minecraft:fall_one_cm":1509,"minecraft:fly_one_cm":54475},"minecraft:killed":{"bwrtherain:spider_skull":1,"minecraft:polar_bear":1,"minecraft:salmon":8},"minecraft:picked_up":{"minecraft:crafting_table":1,"minecraft:salmon":8,"minecraft:dandelion":1,"minecraft:spruce_sapling":1,"minecraft:poppy":2,"minecraft:spruce_log":5,"minecraft:cod":2,"minecraft:dirt":1}},"DataVersion":3465}