{"stats":{"minecraft:mined":{"minecraft:spruce_planks":8,"minecraft:dark_oak_slab":1,"minecraft:ice":1,"minecraft:spruce_log":16,"minecraft:crafting_table":2,"minecraft:grass_block":3,"minecraft:poppy":1,"minecraft:dirt":2,"minecraft:packed_ice":17,"minecraft:spruce_leaves":7,"minecraft:stone":36,"smile:baby_craig":2,"minecraft:oak_leaves":1},"minecraft:crafted":{"minecraft:cooked_beef":3,"better_weaponry:wooden_scythe":1,"minecraft:crafting_table":1,"minecraft:spruce_planks":64,"minecraft:stick":16,"minecraft:cooked_chicken":3,"minecraft:stone_pickaxe":1,"minecraft:wooden_pickaxe":1,"minecraft:spruce_button":1,"minecraft:wooden_axe":2,"better_weaponry:stone_scythe":1,"minecraft:spruce_door":2,"minecraft:furnace":1,"minecraft:stone_axe":1,"minecraft:air":0},"minecraft:used":{"minecraft:wooden_axe":49,"better_weaponry:wooden_scythe":4,"minecraft:spruce_door":3,"better_weaponry:stone_scythe":2,"minecraft:spruce_button":1,"minecraft:wooden_pickaxe":36,"minecraft:poppy":1,"minecraft:spruce_planks":4,"smile:baby_craig":2,"minecraft:dark_oak_slab":1,"minecraft:spruce_sapling":1,"minecraft:cooked_chicken":3,"minecraft:stone_axe":1,"minecraft:salmon":8,"minecraft:dirt":5,"minecraft:crafting_table":3,"minecraft:furnace":1,"minecraft:cod":2},"minecraft:dropped":{"sophisticatedbackpacks:iron_backpack":1},"minecraft:broken":{"minecraft:wooden_axe":1},"minecraft:custom":{"minecraft:time_since_rest":21871,"minecraft:interact_with_furnace":5,"minecraft:sprint_one_cm":56728,"minecraft:damage_taken":465,"minecraft:walk_one_cm":69253,"minecraft:mob_kills":22,"minecraft:drop":1,"tombstone:raider_killed":3,"minecraft:damage_dealt":1510,"minecraft:swim_one_cm":34580,"minecraft:interact_with_crafting_table":8,"minecraft:fly_one_cm":118435,"minecraft:open_chest":4,"minecraft:crouch_one_cm":69,"minecraft:play_time":37514,"minecraft:deaths":1,"minecraft:sneak_time":171,"minecraft:walk_under_water_one_cm":16659,"minecraft:jump":561,"minecraft:walk_on_water_one_cm":17895,"minecraft:time_since_death":22260,"minecraft:total_world_time":37514,"minecraft:fall_one_cm":10207},"minecraft:killed":{"minecraft:pillager":3,"minecraft:chicken":5,"minecraft:salmon":8,"bwrtherain:spider_skull":1,"minecraft:cow":3,"minecraft:polar_bear":1},"minecraft:picked_up":{"minecraft:crafting_table":2,"minecraft:dark_oak_slab":1,"minecraft:feather":4,"minecraft:chicken":5,"minecraft:leather":4,"minecraft:salmon":8,"minecraft:dandelion":1,"minecraft:spruce_sapling":1,"sophisticatedbackpacks:iron_backpack":1,"minecraft:spruce_log":16,"minecraft:dirt":5,"minecraft:white_banner":1,"minecraft:spruce_planks":7,"minecraft:beef":5,"smile:baby_craig":2,"minecraft:poppy":2,"minecraft:cod":2,"minecraft:cobblestone":36},"minecraft:killed_by":{"apollyon:the_damned":1}},"DataVersion":3465}