{"stats":{"minecraft:mined":{"smile:baby_craig":1},"minecraft:used":{"smile:baby_craig":1},"minecraft:custom":{"minecraft:jump":65,"minecraft:time_since_rest":9064,"minecraft:walk_on_water_one_cm":665,"minecraft:sprint_one_cm":3005,"minecraft:leave_game":1,"minecraft:play_time":9064,"minecraft:damage_taken":80,"minecraft:time_since_death":9064,"minecraft:walk_one_cm":20491,"minecraft:total_world_time":9064,"minecraft:fall_one_cm":967,"minecraft:fly_one_cm":3385},"minecraft:picked_up":{"smile:baby_craig":2,"minecraft:dirt":2}},"DataVersion":3465}