{"stats":{"minecraft:mined":{"minecraft:podzol":8,"minecraft:grass":2,"minecraft:coarse_dirt":1,"minecraft:dirt":4,"minecraft:packed_ice":10,"smile:baby_craig":4},"minecraft:used":{"minecraft:dirt":1,"tombstone:gift":2,"smile:baby_craig":2},"minecraft:dropped":{"tombstone:grave_key":1,"smile:baby_craig":2},"minecraft:custom":{"minecraft:time_since_rest":15946,"minecraft:crouch_one_cm":654,"minecraft:play_time":64636,"minecraft:sprint_one_cm":41384,"minecraft:damage_taken":1510,"minecraft:walk_one_cm":99386,"minecraft:deaths":5,"minecraft:sneak_time":263,"minecraft:walk_under_water_one_cm":12446,"minecraft:drop":3,"minecraft:jump":332,"minecraft:damage_dealt":58,"minecraft:leave_game":7,"minecraft:time_since_death":5298,"minecraft:walk_on_water_one_cm":8050,"minecraft:total_world_time":64636,"minecraft:swim_one_cm":14487,"minecraft:fall_one_cm":2314,"minecraft:fly_one_cm":61609},"minecraft:picked_up":{"better_weaponry:wooden_scythe":1,"smile:baby_craig":4,"tombstone:grave_dust":1,"minecraft:dirt":9},"minecraft:killed_by":{"smile:weeping_soul":1,"the_living_nightmare:thenightmare":1,"minecraft:zombie":2,"smile:happy_chase":1}},"DataVersion":3465}