{"stats":{"minecraft:killed_by":{"minecraft:zombie":1},"minecraft:mined":{"minecraft:podzol":8,"minecraft:grass":2,"minecraft:dirt":3},"minecraft:custom":{"minecraft:jump":38,"minecraft:time_since_rest":39,"minecraft:deaths":1,"minecraft:crouch_one_cm":187,"minecraft:sprint_one_cm":2166,"minecraft:leave_game":2,"minecraft:play_time":6614,"minecraft:damage_taken":225,"minecraft:time_since_death":0,"minecraft:walk_one_cm":9259,"minecraft:sneak_time":43,"minecraft:total_world_time":6614,"minecraft:fall_one_cm":209,"minecraft:fly_one_cm":3513},"minecraft:picked_up":{"minecraft:dirt":9}},"DataVersion":3465}