{"stats":{"minecraft:mined":{"minecraft:podzol":8,"minecraft:grass":2,"minecraft:coarse_dirt":1,"minecraft:dirt":4,"smile:baby_craig":3},"minecraft:used":{"minecraft:dirt":1,"smile:baby_craig":1},"minecraft:dropped":{"smile:baby_craig":1},"minecraft:custom":{"minecraft:time_since_rest":5497,"minecraft:crouch_one_cm":319,"minecraft:sprint_one_cm":36907,"minecraft:play_time":30646,"minecraft:deaths":3,"minecraft:damage_taken":785,"minecraft:walk_one_cm":60047,"minecraft:sneak_time":142,"minecraft:walk_under_water_one_cm":9503,"minecraft:drop":1,"minecraft:jump":256,"minecraft:damage_dealt":10,"minecraft:leave_game":5,"minecraft:walk_on_water_one_cm":5294,"minecraft:time_since_death":7896,"minecraft:total_world_time":30646,"minecraft:swim_one_cm":14487,"minecraft:fall_one_cm":1085,"minecraft:fly_one_cm":50567},"minecraft:picked_up":{"smile:baby_craig":3,"tombstone:grave_dust":1,"minecraft:dirt":9},"minecraft:killed_by":{"the_living_nightmare:thenightmare":1,"minecraft:zombie":2}},"DataVersion":3465}