{"stats":{"minecraft:mined":{"minecraft:podzol":8,"minecraft:grass":2,"minecraft:coarse_dirt":1,"minecraft:dirt":4,"minecraft:packed_ice":10,"smile:baby_craig":3},"minecraft:used":{"minecraft:dirt":1,"tombstone:gift":2,"smile:baby_craig":1},"minecraft:dropped":{"smile:baby_craig":1},"minecraft:custom":{"minecraft:time_since_rest":3934,"minecraft:crouch_one_cm":475,"minecraft:sprint_one_cm":38130,"minecraft:play_time":46291,"minecraft:deaths":5,"minecraft:damage_taken":1490,"minecraft:walk_one_cm":72203,"minecraft:sneak_time":216,"minecraft:walk_under_water_one_cm":12446,"minecraft:drop":1,"minecraft:jump":297,"minecraft:damage_dealt":38,"minecraft:leave_game":6,"minecraft:walk_on_water_one_cm":6547,"minecraft:time_since_death":0,"minecraft:total_world_time":46291,"minecraft:swim_one_cm":14487,"minecraft:fall_one_cm":1294,"minecraft:fly_one_cm":57362},"minecraft:picked_up":{"smile:baby_craig":3,"tombstone:grave_dust":1,"minecraft:dirt":9},"minecraft:killed_by":{"smile:weeping_soul":1,"the_living_nightmare:thenightmare":1,"minecraft:zombie":2,"smile:happy_chase":1}},"DataVersion":3465}