{"stats":{"minecraft:mined":{"minecraft:podzol":8,"minecraft:grass":2,"minecraft:dirt":3},"minecraft:dropped":{"smile:baby_craig":1},"minecraft:custom":{"minecraft:jump":42,"minecraft:time_since_rest":263,"minecraft:damage_taken":495,"minecraft:crouch_one_cm":187,"minecraft:leave_game":4,"minecraft:play_time":8419,"minecraft:sprint_one_cm":2166,"minecraft:time_since_death":0,"minecraft:walk_one_cm":11675,"minecraft:deaths":2,"minecraft:sneak_time":43,"minecraft:total_world_time":8419,"minecraft:drop":1,"minecraft:fall_one_cm":209,"minecraft:fly_one_cm":3764},"minecraft:picked_up":{"smile:baby_craig":1,"minecraft:dirt":9},"minecraft:killed_by":{"minecraft:zombie":2}},"DataVersion":3465}