{"stats":{"minecraft:mined":{"minecraft:podzol":8,"minecraft:grass":2,"minecraft:coarse_dirt":1,"minecraft:dirt":4,"smile:baby_craig":3},"minecraft:used":{"minecraft:dirt":1,"smile:baby_craig":1},"minecraft:dropped":{"smile:baby_craig":1},"minecraft:custom":{"minecraft:time_since_rest":8341,"minecraft:crouch_one_cm":315,"minecraft:sprint_one_cm":10700,"minecraft:play_time":18646,"minecraft:deaths":2,"minecraft:damage_taken":580,"minecraft:walk_one_cm":34139,"minecraft:sneak_time":82,"minecraft:walk_under_water_one_cm":4492,"minecraft:drop":1,"minecraft:jump":104,"minecraft:damage_dealt":10,"minecraft:leave_game":5,"minecraft:walk_on_water_one_cm":2842,"minecraft:time_since_death":8537,"minecraft:total_world_time":18646,"minecraft:swim_one_cm":3277,"minecraft:fall_one_cm":209,"minecraft:fly_one_cm":17305},"minecraft:picked_up":{"smile:baby_craig":3,"tombstone:grave_dust":1,"minecraft:dirt":9},"minecraft:killed_by":{"minecraft:zombie":2}},"DataVersion":3465}