{"stats":{"minecraft:mined":{"minecraft:grass":1,"minecraft:ice":1,"smile:baby_craig":2},"minecraft:used":{"tombstone:gift":2,"smile:baby_craig":4},"minecraft:dropped":{"tombstone:grave_dust":1,"tombstone:grave_key":1},"minecraft:custom":{"minecraft:time_since_rest":1,"minecraft:crouch_one_cm":68,"minecraft:sprint_one_cm":28743,"minecraft:play_time":13323,"minecraft:deaths":2,"minecraft:damage_taken":520,"minecraft:walk_one_cm":9548,"minecraft:sneak_time":73,"minecraft:walk_under_water_one_cm":1590,"minecraft:drop":2,"minecraft:jump":189,"minecraft:damage_dealt":20,"minecraft:leave_game":3,"minecraft:walk_on_water_one_cm":2733,"minecraft:time_since_death":0,"minecraft:total_world_time":13323,"minecraft:swim_one_cm":4715,"minecraft:fall_one_cm":5133,"minecraft:fly_one_cm":44839},"minecraft:picked_up":{"smile:baby_craig":3},"minecraft:killed_by":{"minecraft:skeleton":1,"the_living_nightmare:thenightmare":1}},"DataVersion":3465}