{"stats":{"minecraft:custom":{"minecraft:jump":24,"minecraft:time_since_rest":373,"minecraft:leave_game":1,"minecraft:deaths":1,"minecraft:walk_on_water_one_cm":1024,"minecraft:sprint_one_cm":5417,"minecraft:play_time":1504,"minecraft:damage_taken":285,"minecraft:time_since_death":0,"minecraft:walk_one_cm":996,"minecraft:total_world_time":1504,"minecraft:walk_under_water_one_cm":1172,"minecraft:swim_one_cm":2429,"minecraft:fall_one_cm":269,"minecraft:fly_one_cm":9142},"minecraft:killed_by":{"minecraft:skeleton":1}},"DataVersion":3465}