{
  "minecraft:recipes/decorations/crafting_table": {
    "criteria": {
      "unlock_right_away": "2024-08-13 22:08:20 +0000"
    },
    "done": true
  },
  "minecraft:adventure/adventuring_time": {
    "criteria": {
      "minecraft:taiga": "2024-08-13 22:18:02 +0000",
      "minecraft:stony_shore": "2024-08-16 01:51:41 +0000",
      "minecraft:old_growth_spruce_taiga": "2024-08-13 22:08:22 +0000"
    },
    "done": false
  },
  "minecraft:adventure/root": {
    "criteria": {
      "killed_by_something": "2024-08-13 22:19:33 +0000"
    },
    "done": true
  },
  "minechosis:minechosis": {
    "criteria": {
      "minechosis": "2024-08-16 01:51:10 +0000"
    },
    "done": true
  },
  "tombstone:adventure/root": {
    "criteria": {
      "auto": "2024-08-16 01:51:35 +0000"
    },
    "done": true
  },
  "tombstone:adventure/first_grave": {
    "criteria": {
      "coded_trigger": "2024-08-16 01:55:32 +0000"
    },
    "done": true
  },
  "DataVersion": 3465
}