{
  "minecraft:recipes/decorations/crafting_table": {
    "criteria": {
      "unlock_right_away": "2024-08-13 22:08:20 +0000"
    },
    "done": true
  },
  "minecraft:adventure/adventuring_time": {
    "criteria": {
      "minecraft:taiga": "2024-08-13 22:18:02 +0000",
      "minecraft:old_growth_spruce_taiga": "2024-08-13 22:08:22 +0000"
    },
    "done": false
  },
  "minecraft:adventure/root": {
    "criteria": {
      "killed_by_something": "2024-08-13 22:19:33 +0000"
    },
    "done": true
  },
  "DataVersion": 3465
}